,AverageTradePrice,BuyQuantity,Close,Exchange,ExchangeType,High,LastQuantity,LastTradeTime,LastTradedPrice,Low,NetChange,Open,OpenInterest,ScripCode,SellQuantity,TotalBuyQuantity,TotalSellQuantity,Volume
0,0,0,503.1,N,C,506.2,0,/Date(1695551394000)/,499.25,497.35,-3.85000000000002,504,0,7,0,0,0,0
1,0,0,4276.2,N,C,4317,0,/Date(1695551331000)/,4187.0,4165,-89.1999999999998,4317,0,13,0,0,0,0
2,0,0,1993.8,N,C,2001.55,0,/Date(1695551343000)/,1978.5,1967.65,-15.3,1999,0,22,0,0,0,0
3,0,0,1051.8,N,C,1123.85,0,/Date(1695551106000)/,1111.0,1046,59.2,1054.1,0,34,0,0,0,0
4,0,0,330.85,N,C,337.4,0,/Date(1695551380000)/,331.65,330.3,0.799999999999955,332.9,0,40,0,0,0,0
5,0,0,922.95,N,C,925.5,0,/Date(1695551394000)/,911.6,910,-11.35,921.15,0,48,0,0,0,0
6,0,0,78.5,N,C,79.4,0,/Date(1695551291000)/,77.6,77.15,-0.900000000000006,78.1,0,79,0,0,0,0
7,0,0,640.25,N,C,643.9,0,/Date(1695551366000)/,635.35,633,-4.89999999999998,640.9,0,100,0,0,0,0
8,0,0,1346.25,N,C,1364.9,0,/Date(1695550624000)/,1361.75,1325,15.5,1326,0,104,0,0,0,0
9,0,0,1568.7,N,C,1585,0,/Date(1695551280000)/,1577.1,1563,8.39999999999986,1563,0,128,0,0,0,0
10,0,0,119.25,N,C,121.4,0,/Date(1695551104000)/,118.35,117.5,-0.900000000000006,119.7,0,136,0,0,0,0
11,0,0,479.4,N,C,487.35,0,/Date(1695551339000)/,479.95,476,0.550000000000011,479.4,0,144,0,0,0,0
12,0,0,503.65,N,C,508.7,0,/Date(1695551248000)/,501.8,499.05,-1.84999999999997,506.2,0,154,0,0,0,0
13,0,0,5020.05,N,C,5016.8,0,/Date(1695551380000)/,4989.55,4955,-30.5,5013,0,157,0,0,0,0
14,0,0,368.8,N,C,374.5,0,/Date(1695551380000)/,371.75,366.35,2.94999999999999,368.8,0,163,0,0,0,0
15,0,0,598.2,N,C,605.95,0,/Date(1695551382000)/,592.35,587.15,-5.85000000000002,604.05,0,166,0,0,0,0
16,0,0,164.35,N,C,168.9,0,/Date(1695551339000)/,167.05,164.3,2.70000000000002,165,0,193,0,0,0,0
17,0,0,878.85,N,C,902.4,0,/Date(1695550950000)/,879.2,876.6,0.350000000000023,887.65,0,199,0,0,0,0
18,0,0,179.35,N,C,180.5,0,/Date(1695551389000)/,178.85,177.8,-0.5,179.35,0,212,0,0,0,0
19,0,0,131.6,N,C,133,0,/Date(1695551398000)/,130.75,130.3,-0.849999999999994,131.8,0,220,0,0,0,0
20,0,0,3244.2,N,C,3283.6,0,/Date(1695551363000)/,3274.85,3221.15,30.6500000000001,3234.95,0,236,0,0,0,0
21,0,0,7096.4,N,C,7151.5,0,/Date(1695550772000)/,7057.65,7040,-38.75,7133.7,0,263,0,0,0,0
22,0,0,876.45,N,C,876.05,0,/Date(1695551381000)/,866.4,845.15,-10.0500000000001,876,0,275,0,0,0,0
23,0,0,222.7,N,C,227,0,/Date(1695551300000)/,225.65,221.75,2.95000000000002,224.05,0,277,0,0,0,0
24,0,0,2175.95,N,C,2235,0,/Date(1695551133000)/,2200.1,2160,24.1500000000001,2170,0,278,0,0,0,0
25,0,0,7346.6,N,C,7419,0,/Date(1695550948000)/,7332.05,7310.05,-14.5500000000002,7348,0,305,0,0,0,0
26,0,0,3284,N,C,3300,0,/Date(1695551339000)/,3200.3,3165.8,-83.6999999999998,3284,0,312,0,0,0,0
27,0,0,7484.2,N,C,7577,0,/Date(1695551328000)/,7471.35,7453.6,-12.8499999999995,7493.95,0,317,0,0,0,0
28,0,0,1865.7,N,C,1879.5,0,/Date(1695551343000)/,1842.4,1819,-23.3,1864,0,324,0,0,0,0
29,0,0,498.8,N,C,502.8,0,/Date(1695551176000)/,497.4,488,-1.40000000000003,498.65,0,330,0,0,0,0
30,0,0,2529.3,N,C,2558.9,0,/Date(1695551207000)/,2547.2,2502.85,17.8999999999996,2521,0,335,0,0,0,0
31,0,0,152.95,N,C,156.7,0,/Date(1695551381000)/,154.5,150.8,1.55000000000001,153.5,0,338,0,0,0,0
32,0,0,420.3,N,C,423.05,0,/Date(1695551392000)/,414.3,405.55,-6,419.75,0,341,0,0,0,0
33,0,0,2500.8,N,C,2525,0,/Date(1695551364000)/,2483.4,2456,-17.4000000000001,2491.05,0,342,0,0,0,0
34,0,0,327.1,N,C,333,0,/Date(1695551400000)/,331.05,328.1,3.94999999999999,329.8,0,357,0,0,0,0
35,0,0,2622.5,N,C,2629.45,0,/Date(1695551034000)/,2578.1,2571,-44.4000000000001,2612.25,0,368,0,0,0,0
36,0,0,1655.8,N,C,1663,0,/Date(1695551339000)/,1633.6,1628,-22.2,1650.1,0,371,0,0,0,0
37,0,0,1201.6,N,C,1216.25,0,/Date(1695551360000)/,1203.0,1190,1.40000000000009,1200,0,380,0,0,0,0
38,0,0,135.25,N,C,136.9,0,/Date(1695551397000)/,136.05,134.05,0.800000000000011,134.15,0,383,0,0,0,0
39,0,0,394.1,N,C,398,0,/Date(1695551196000)/,387.65,386.4,-6.45000000000005,398,0,385,0,0,0,0
40,0,0,139,N,C,140.9,0,/Date(1695551373000)/,138.2,136.4,-0.800000000000011,139.4,0,399,0,0,0,0
41,0,0,557.75,N,C,679.75,0,/Date(1695551394000)/,669.3,624,111.55,626.8,0,404,0,0,0,0
42,0,0,89.95,N,C,90.95,0,/Date(1695551384000)/,88.6,88,-1.35000000000001,90.1,0,419,0,0,0,0
43,0,0,1098.8,N,C,1113.95,0,/Date(1695551191000)/,1090.95,1087.55,-7.84999999999991,1101,0,422,0,0,0,0
44,0,0,124.25,N,C,125.6,0,/Date(1695553151000)/,124.4,123.3,0.150000000000006,125,0,438,0,0,0,0
45,0,0,644.25,N,C,656,0,/Date(1695551384000)/,649.45,642.25,5.20000000000005,643.4,0,467,0,0,0,0
46,0,0,29913.05,N,C,31450,0,/Date(1695551233000)/,31285.1,29806,1372.05,29806,0,474,0,0,0,0
47,0,0,1168.4,N,C,1185.05,0,/Date(1695551052000)/,1166.45,1161.4,-1.95000000000005,1167,0,480,0,0,0,0
48,0,0,6715.55,N,C,6800,0,/Date(1695551291000)/,6790.05,6690,74.5,6720,0,495,0,0,0,0
49,0,0,2207.8,N,C,2239.45,0,/Date(1695551396000)/,2200.35,2160,-7.45000000000027,2218.85,0,509,0,0,0,0
50,0,0,139.1,N,C,146.85,0,/Date(1695551380000)/,146.2,138.25,7.09999999999999,139.65,0,513,0,0,0,0
51,0,0,355.25,N,C,357.5,0,/Date(1695551383000)/,351.95,351.35,-3.30000000000001,355.5,0,526,0,0,0,0
52,0,0,778.45,N,C,790,0,/Date(1695551309000)/,784.85,775,6.39999999999998,783.95,0,527,0,0,0,0
53,0,0,4558.55,N,C,4572,0,/Date(1695551132000)/,4564.65,4510,6.09999999999945,4558.55,0,547,0,0,0,0
54,0,0,758.8,N,C,770,0,/Date(1695551220000)/,761.5,755.6,2.70000000000005,765.45,0,583,0,0,0,0
55,0,0,501.85,N,C,506.9,0,/Date(1695551385000)/,494.0,490.85,-7.85000000000002,503.85,0,592,0,0,0,0
56,0,0,1160.2,N,C,1261.9,0,/Date(1695551380000)/,1191.25,1161.6,31.05,1161.65,0,595,0,0,0,0
57,0,0,1016.9,N,C,1109.9,0,/Date(1695551380000)/,1086.5,1011.25,69.6,1026.4,0,625,0,0,0,0
58,0,0,90.25,N,C,91.45,0,/Date(1695551384000)/,90.8,89.2,0.549999999999997,90.25,0,628,0,0,0,0
59,0,0,600.05,N,C,616.5,0,/Date(1695551232000)/,612.15,595,12.1,601.2,0,634,0,0,0,0
60,0,0,279.65,N,C,283.4,0,/Date(1695551318000)/,279.5,276.6,-0.149999999999977,281,0,637,0,0,0,0
61,0,0,258.05,N,C,259.85,0,/Date(1695551398000)/,256.2,253.75,-1.85000000000002,258.3,0,676,0,0,0,0
62,0,0,1188.2,N,C,1217.95,0,/Date(1695551380000)/,1188.2,1183,0,1188.25,0,685,0,0,0,0
63,0,0,1206.4,N,C,1209.1,0,/Date(1695551380000)/,1185.9,1168.55,-20.5,1207.4,0,694,0,0,0,0
64,0,0,119,N,C,120.05,0,/Date(1695551210000)/,117.85,117.25,-1.15000000000001,119.1,0,701,0,0,0,0
65,0,0,229.8,N,C,234,0,/Date(1695551339000)/,227.8,225.9,-2,229,0,714,0,0,0,0
66,0,0,255.6,N,C,260.75,0,/Date(1695551382000)/,257.0,254.5,1.40000000000001,256,0,724,0,0,0,0
67,0,0,1086.9,N,C,1107,0,/Date(1695551381000)/,1101.95,1071.5,15.05,1082.1,0,739,0,0,0,0
68,0,0,689.8,N,C,694.65,0,/Date(1695551335000)/,681.75,672.95,-8.04999999999995,689.8,0,742,0,0,0,0
69,0,0,3833.9,N,C,3887.8,0,/Date(1695550851000)/,3854.5,3825.25,20.5999999999999,3853.05,0,757,0,0,0,0
70,0,0,429.5,N,C,443,0,/Date(1695551377000)/,440.5,422.6,11,429.8,0,760,0,0,0,0
71,0,0,560.15,N,C,564.9,0,/Date(1695551323000)/,561.3,557.55,1.14999999999998,559.45,0,772,0,0,0,0
72,0,0,435.15,N,C,442.45,0,/Date(1695551368000)/,427.95,424.05,-7.19999999999999,439.5,0,781,0,0,0,0
73,0,0,1060.6,N,C,1061.4,0,/Date(1695551160000)/,1048.6,1035.6,-12,1051.05,0,811,0,0,0,0
74,0,0,54.8,N,C,59.2,0,/Date(1695551314000)/,57.6,53.9,2.8,55.1,0,817,0,0,0,0
75,0,0,612.15,N,C,629,0,/Date(1695551347000)/,624.25,613.05,12.1,613.8,0,827,0,0,0,0
76,0,0,304.7,N,C,309,0,/Date(1695551352000)/,301.45,295.95,-3.25,304.7,0,857,0,0,0,0
77,0,0,5668.5,N,C,5693.9,0,/Date(1695551321000)/,5517.05,5502,-151.45,5668.5,0,881,0,0,0,0
78,0,0,3435.85,N,C,3431.8,0,/Date(1695551314000)/,3409.45,3392,-26.4000000000001,3425,0,910,0,0,0,0
79,0,0,85.4,N,C,86,0,/Date(1695551345000)/,84.95,84,-0.450000000000003,86,0,913,0,0,0,0
80,0,0,529.85,N,C,535.4,0,/Date(1695551390000)/,534.55,529.4,4.69999999999993,532,0,916,0,0,0,0
81,0,0,228.65,N,C,233.7,0,/Date(1695551339000)/,233.35,225.25,4.69999999999999,228.75,0,919,0,0,0,0
82,0,0,64.3,N,C,64.7,0,/Date(1695551309000)/,62.35,61.95,-1.95,64.4,0,928,0,0,0,0
83,0,0,492.4,N,C,515,0,/Date(1695551289000)/,509.55,492.5,17.15,492.5,0,937,0,0,0,0
84,0,0,4932.6,N,C,4954.3,0,/Date(1695550587000)/,4862.8,4851.5,-69.8000000000002,4950,0,940,0,0,0,0
85,0,0,5027.1,N,C,5339.95,0,/Date(1695551267000)/,4995.55,4951,-31.5500000000002,5048,0,955,0,0,0,0
86,0,0,3107.55,N,C,3153.7,0,/Date(1695551237000)/,3126.55,3068.1,19,3120,0,958,0,0,0,0
87,0,0,33,N,C,33.4,0,/Date(1695551398000)/,33.05,32.7,0.0499999999999972,33.15,0,967,0,0,0,0
88,0,0,195.25,N,C,196,0,/Date(1695551354000)/,192.45,191.65,-2.80000000000001,195.8,0,981,0,0,0,0
89,0,0,1087.65,N,C,1100,0,/Date(1695550583000)/,1091.0,1070,3.34999999999991,1095,0,993,0,0,0,0
90,0,0,525.35,N,C,543.95,0,/Date(1695551390000)/,537.9,513.55,12.55,527.8,0,1008,0,0,0,0
91,0,0,3171.2,N,C,3187.1,0,/Date(1695551358000)/,3119.95,3110.1,-51.25,3170.15,0,1011,0,0,0,0
92,0,0,145.8,N,C,147.45,0,/Date(1695551320000)/,145.95,145,0.149999999999977,145.85,0,1023,0,0,0,0
93,0,0,1094.95,N,C,1099,0,/Date(1695551215000)/,1085.4,1060,-9.54999999999995,1099,0,1038,0,0,0,0
94,0,0,220.75,N,C,222,0,/Date(1695551339000)/,221.3,214.55,0.550000000000011,220.1,0,1041,0,0,0,0
95,0,0,436.3,N,C,441.85,0,/Date(1695551058000)/,439.5,430.4,3.19999999999999,439.5,0,1053,0,0,0,0
96,0,0,519.55,N,C,526.5,0,/Date(1695551280000)/,516.95,515.45,-2.59999999999991,520,0,1076,0,0,0,0
97,0,0,314.4,N,C,319,0,/Date(1695551233000)/,312.95,310,-1.44999999999999,319,0,1085,0,0,0,0
98,0,0,3147.2,N,C,3215.6,0,/Date(1695550583000)/,3194.55,3135,47.3500000000004,3147,0,1100,0,0,0,0
99,0,0,136.35,N,C,141.3,0,/Date(1695553151000)/,138.95,136,2.59999999999999,137.35,0,1145,0,0,0,0
100,0,0,1555.8,N,C,1575.45,0,/Date(1695551339000)/,1560.55,1544.75,4.75,1565,0,1153,0,0,0,0
101,0,0,680.1,N,C,698.5,0,/Date(1695550289000)/,678.4,670.95,-1.70000000000005,683,0,1168,0,0,0,0
102,0,0,601.55,N,C,605.95,0,/Date(1695551339000)/,596.6,595.15,-4.94999999999993,601.55,0,1174,0,0,0,0
103,0,0,2041.9,N,C,2073.35,0,/Date(1695551377000)/,2053.45,2026.1,11.5499999999997,2040,0,1181,0,0,0,0
104,0,0,2929.85,N,C,2986,0,/Date(1695551387000)/,2967.3,2899.85,37.4500000000003,2946.5,0,1185,0,0,0,0
105,0,0,1694.85,N,C,1704.55,0,/Date(1695551340000)/,1693.2,1681.25,-1.64999999999986,1697.8,0,1186,0,0,0,0
106,0,0,360.45,N,C,362.5,0,/Date(1695551399000)/,356.85,354.05,-3.59999999999997,358.8,0,1190,0,0,0,0
107,0,0,326.05,N,C,326.85,0,/Date(1695551265000)/,322.45,320.15,-3.60000000000002,326.4,0,1196,0,0,0,0
108,0,0,1298,N,C,1311.4,0,/Date(1695551287000)/,1297.1,1290.8,-0.900000000000091,1299.85,0,1205,0,0,0,0
109,0,0,1911.5,N,C,1928.95,0,/Date(1695551237000)/,1911.95,1889.3,0.450000000000045,1906.7,0,1232,0,0,0,0
110,0,0,140.15,N,C,142.8,0,/Date(1695551397000)/,141.4,139.25,1.25,140.75,0,1235,0,0,0,0
111,0,0,168.2,N,C,169.7,0,/Date(1695551387000)/,167.7,166,-0.5,169.15,0,1247,0,0,0,0
112,0,0,140.7,N,C,142.5,0,/Date(1695551376000)/,139.95,139.6,-0.75,141.3,0,1250,0,0,0,0
113,0,0,690.2,N,C,702.9,0,/Date(1695551264000)/,698.05,680.55,7.84999999999991,690,0,1267,0,0,0,0
114,0,0,2650.95,N,C,2663.7,0,/Date(1695551393000)/,2606.6,2601,-44.3499999999999,2655.2,0,1315,0,0,0,0
115,0,0,1553.35,N,C,1564.4,0,/Date(1695551399000)/,1529.65,1523.75,-23.6999999999998,1559,0,1333,0,0,0,0
116,0,0,1723,N,C,1730,0,/Date(1695551042000)/,1705.45,1700,-17.55,1723,0,1336,0,0,0,0
117,0,0,3000.95,N,C,3040,0,/Date(1695551307000)/,3022.7,2990.15,21.75,3010,0,1348,0,0,0,0
118,0,0,479.55,N,C,481.8,0,/Date(1695551391000)/,478.85,471.5,-0.699999999999989,479,0,1363,0,0,0,0
119,0,0,2473.35,N,C,2490,0,/Date(1695551389000)/,2482.45,2458,9.09999999999991,2468,0,1394,0,0,0,0
120,0,0,160.8,N,C,161.9,0,/Date(1695551301000)/,158.9,158.4,-1.90000000000001,160.65,0,1403,0,0,0,0
121,0,0,263.45,N,C,266.25,0,/Date(1695551369000)/,260.95,260.5,-2.5,263,0,1406,0,0,0,0
122,0,0,7148.35,N,C,7185.1,0,/Date(1695550953000)/,7106.65,7099.05,-41.7000000000007,7185.1,0,1442,0,0,0,0
123,0,0,2918.6,N,C,2947.95,0,/Date(1695551184000)/,2888.5,2882.6,-30.0999999999999,2925,0,1455,0,0,0,0
124,0,0,2517.9,N,C,2530.45,0,/Date(1695550967000)/,2520.1,2494.95,2.19999999999982,2515,0,1467,0,0,0,0
125,0,0,69.35,N,C,72.65,0,/Date(1695551398000)/,71.25,69.75,1.90000000000001,69.75,0,1476,0,0,0,0
126,0,0,920.3,N,C,934.2,0,/Date(1695550822000)/,915.35,912.15,-4.94999999999993,920.3,0,1485,0,0,0,0
127,0,0,20.25,N,C,23.4,0,/Date(1695553151000)/,23.05,20.25,2.8,20.35,0,1491,0,0,0,0
128,0,0,124.6,N,C,125.6,0,/Date(1695551339000)/,123.55,121.75,-1.05,124.95,0,1494,0,0,0,0
129,0,0,406.8,N,C,411.35,0,/Date(1695551163000)/,406.25,402.65,-0.550000000000011,407,0,1512,0,0,0,0
130,0,0,229.7,N,C,236.35,0,/Date(1695551333000)/,233.5,229.2,3.80000000000001,231.95,0,1515,0,0,0,0
131,0,0,695.75,N,C,697.75,0,/Date(1695551398000)/,691.0,684,-4.75,695.75,0,1521,0,0,0,0
132,0,0,1843.15,N,C,1865,0,/Date(1695551291000)/,1832.2,1807.55,-10.95,1835,0,1570,0,0,0,0
133,0,0,6181.2,N,C,6280,0,/Date(1695551314000)/,5995.55,5951,-185.65,6214,0,1576,0,0,0,0
134,0,0,83.85,N,C,86,0,/Date(1695551243000)/,84.75,83.6,0.900000000000006,84.45,0,1581,0,0,0,0
135,0,0,1501.75,N,C,1506.95,0,/Date(1695551397000)/,1496.15,1485.2,-5.59999999999991,1491.9,0,1594,0,0,0,0
136,0,0,3037.2,N,C,3056.55,0,/Date(1695550732000)/,2986.7,2966,-50.5,3038,0,1597,0,0,0,0
137,0,0,1104.5,N,C,1118.9,0,/Date(1695551256000)/,1096.45,1082.1,-8.04999999999995,1110,0,1614,0,0,0,0
138,0,0,2632.05,N,C,2855.95,0,/Date(1695551380000)/,2797.1,2634,165.05,2634.45,0,1621,0,0,0,0
139,0,0,92.75,N,C,93.35,0,/Date(1695551384000)/,92.25,92,-0.5,92.8,0,1624,0,0,0,0
140,0,0,5962.4,N,C,6034,0,/Date(1695551016000)/,5930.4,5911.35,-32,6019.85,0,1627,0,0,0,0
141,0,0,900.05,N,C,903.7,0,/Date(1695551263000)/,894.25,878,-5.79999999999995,900.05,0,1633,0,0,0,0
142,0,0,813.75,N,C,820,0,/Date(1695551283000)/,807.9,800,-5.85000000000002,817.85,0,1639,0,0,0,0
143,0,0,447.5,N,C,448.4,0,/Date(1695551396000)/,443.1,442.25,-4.39999999999998,447.5,0,1660,0,0,0,0
144,0,0,950.6,N,C,957.55,0,/Date(1695551228000)/,947.5,940,-3.10000000000002,950.6,0,1672,0,0,0,0
145,0,0,173.5,N,C,190.85,0,/Date(1695551394000)/,190.85,174.15,17.35,175,0,1675,0,0,0,0
146,0,0,1442.15,N,C,1429.75,0,/Date(1695551380000)/,1377.7,1371.1,-64.45,1425,0,1726,0,0,0,0
147,0,0,449.8,N,C,456,0,/Date(1695551113000)/,451.6,446,1.80000000000001,449.8,0,1805,0,0,0,0
148,0,0,1354.2,N,C,1378.95,0,/Date(1695551340000)/,1335.85,1330.3,-18.3500000000001,1354.2,0,1808,0,0,0,0
149,0,0,632.6,N,C,636.8,0,/Date(1695551380000)/,623.5,617.1,-9.10000000000002,633,0,1814,0,0,0,0
150,0,0,114.6,N,C,117,0,/Date(1695553151000)/,115.15,113.7,0.550000000000011,115.75,0,1841,0,0,0,0
151,0,0,627.1,N,C,629,0,/Date(1695550944000)/,613.5,612,-13.6,627.1,0,1879,0,0,0,0
152,0,0,1744.65,N,C,1756.85,0,/Date(1695551237000)/,1725.35,1717.6,-19.3000000000002,1756.85,0,1901,0,0,0,0
153,0,0,1755.7,N,C,1769.9,0,/Date(1695551398000)/,1756.45,1752.15,0.75,1758,0,1922,0,0,0,0
154,0,0,3122.35,N,C,3227.7,0,/Date(1695551376000)/,3079.8,3018.05,-42.5499999999997,3093,0,1949,0,0,0,0
155,0,0,2058.2,N,C,2079.55,0,/Date(1695551096000)/,2065.9,2049.7,7.70000000000027,2069.45,0,1964,0,0,0,0
156,0,0,14985.3,N,C,15161.85,0,/Date(1695551234000)/,14862.1,14810.05,-123.199999999999,14985.3,0,1979,0,0,0,0
157,0,0,455.6,N,C,466,0,/Date(1695551259000)/,460.45,453.7,4.84999999999997,453.85,0,1997,0,0,0,0
158,0,0,2389.85,N,C,2425,0,/Date(1695551281000)/,2408.1,2381,18.25,2407.8,0,2018,0,0,0,0
159,0,0,74.45,N,C,76.1,0,/Date(1695551395000)/,75.1,71.35,0.649999999999991,75,0,2029,0,0,0,0
160,0,0,1583.25,N,C,1617.95,0,/Date(1695551380000)/,1607.15,1566.1,23.9000000000001,1580,0,2031,0,0,0,0
161,0,0,866.85,N,C,871.5,0,/Date(1695551214000)/,858.7,856.45,-8.14999999999998,867.6,0,2043,0,0,0,0
162,0,0,1540.75,N,C,1555,0,/Date(1695551390000)/,1549.15,1526.15,8.40000000000009,1540.75,0,2048,0,0,0,0
163,0,0,509.45,N,C,522,0,/Date(1695551334000)/,518.3,507.3,8.84999999999997,517,0,2049,0,0,0,0
164,0,0,839.1,N,C,848.85,0,/Date(1695551271000)/,834.0,829.75,-5.10000000000002,835.5,0,2056,0,0,0,0
165,0,0,387.35,N,C,395,0,/Date(1695551339000)/,393.25,384.5,5.89999999999998,390,0,2073,0,0,0,0
166,0,0,7522.2,N,C,7649,0,/Date(1695550957000)/,7543.8,7477.45,21.6000000000004,7535.05,0,2085,0,0,0,0
167,0,0,575.05,N,C,585.7,0,/Date(1695551252000)/,579.55,575.9,4.5,576,0,2088,0,0,0,0
168,0,0,526,N,C,531.2,0,/Date(1695551389000)/,519.2,516.05,-6.79999999999995,531.2,0,2107,0,0,0,0
169,0,0,2381.2,N,C,2450,0,/Date(1695551295000)/,2434.95,2382.05,53.75,2385,0,2124,0,0,0,0
170,0,0,1026.2,N,C,1034.8,0,/Date(1695551396000)/,1004.35,998.55,-21.85,1032.05,0,2144,0,0,0,0
171,0,0,19187.85,N,C,19271.95,0,/Date(1695550747000)/,19119.25,18995.05,-68.5999999999985,19187.85,0,2181,0,0,0,0
172,0,0,36.5,N,C,36.85,0,/Date(1695551340000)/,36.4,35.9,-0.100000000000001,36.6,0,2259,0,0,0,0
173,0,0,245.5,N,C,251.85,0,/Date(1695551397000)/,249.35,247.05,3.84999999999999,248,0,2263,0,0,0,0
174,0,0,108841.65,N,C,109350,0,/Date(1695551342000)/,108655.05,108477.05,-186.599999999991,108500,0,2277,0,0,0,0
175,0,0,93.45,N,C,95.35,0,/Date(1695551390000)/,94.45,93.4,1,93.8,0,2283,0,0,0,0
176,0,0,579.5,N,C,582,0,/Date(1695551143000)/,579.0,573.25,-0.5,579.5,0,2289,0,0,0,0
177,0,0,27.05,N,C,30.35,0,/Date(1695551394000)/,29.45,26.3,2.4,27.05,0,2294,0,0,0,0
178,0,0,3915.45,N,C,3958.5,0,/Date(1695551380000)/,3870.0,3855,-45.4499999999998,3926.8,0,2303,0,0,0,0
179,0,0,178.6,N,C,179.5,0,/Date(1695551284000)/,177.2,176.5,-1.40000000000001,179.5,0,2316,0,0,0,0
180,0,0,149.45,N,C,151.7,0,/Date(1695551360000)/,150.3,146.1,0.850000000000023,149.2,0,2319,0,0,0,0
181,0,0,153.95,N,C,156.25,0,/Date(1695551299000)/,154.65,151.55,0.700000000000017,153.55,0,2385,0,0,0,0
182,0,0,394.25,N,C,400.15,0,/Date(1695551264000)/,390.8,387.3,-3.44999999999999,400.15,0,2397,0,0,0,0
183,0,0,1046.65,N,C,1064.4,0,/Date(1695551320000)/,1045.15,1040,-1.5,1048.85,0,2412,0,0,0,0
184,0,0,2322.25,N,C,2333.9,0,/Date(1695551195000)/,2299.8,2290,-22.4499999999998,2333.9,0,2421,0,0,0,0
185,0,0,211.05,N,C,222.55,0,/Date(1695551398000)/,221.2,209.3,10.15,211.4,0,2431,0,0,0,0
186,0,0,237.4,N,C,240.95,0,/Date(1695551297000)/,235.25,233.7,-2.15000000000001,237.5,0,2442,0,0,0,0
187,0,0,403.65,N,C,407.8,0,/Date(1695551312000)/,397.5,395.1,-6.14999999999998,404.9,0,2463,0,0,0,0
188,0,0,186.7,N,C,187.7,0,/Date(1695551280000)/,185.1,185,-1.59999999999999,186.6,0,2475,0,0,0,0
189,0,0,617.4,N,C,620.45,0,/Date(1695551288000)/,613.45,611.3,-3.94999999999993,614.2,0,2489,0,0,0,0
190,0,0,85.9,N,C,87.05,0,/Date(1695551387000)/,85.05,84,-0.850000000000009,85.9,0,2493,0,0,0,0
191,0,0,17163.35,N,C,17819.95,0,/Date(1695551381000)/,17677.7,17095.85,514.350000000002,17182.5,0,2535,0,0,0,0
192,0,0,253.85,N,C,254.75,0,/Date(1695550950000)/,250.9,249.6,-2.94999999999999,253,0,2562,0,0,0,0
193,0,0,113,N,C,115.95,0,/Date(1695551240000)/,115.35,112.9,2.34999999999999,113.45,0,2606,0,0,0,0
194,0,0,370.4,N,C,375,0,/Date(1695550851000)/,372.25,366.9,1.85000000000002,367.05,0,2614,0,0,0,0
195,0,0,3831.9,N,C,3864.7,0,/Date(1695551380000)/,3857.95,3822.05,26.0499999999997,3835.25,0,2643,0,0,0,0
196,0,0,165.45,N,C,166.35,0,/Date(1695551376000)/,162.8,162.4,-2.64999999999998,164.9,0,2649,0,0,0,0
197,0,0,2512.85,N,C,2520.5,0,/Date(1695551394000)/,2517.7,2493,4.84999999999991,2518.85,0,2664,0,0,0,0
198,0,0,1156,N,C,1162.6,0,/Date(1695551374000)/,1150.35,1144.1,-5.65000000000009,1151,0,2687,0,0,0,0
199,0,0,570.5,N,C,575.75,0,/Date(1695551279000)/,568.8,557.3,-1.70000000000005,572.65,0,2705,0,0,0,0
200,0,0,2526.6,N,C,2546.45,0,/Date(1695551384000)/,2489.5,2478.05,-37.0999999999999,2538.8,0,2709,0,0,0,0
201,0,0,128.2,N,C,129.7,0,/Date(1695551173000)/,128.0,127.1,-0.199999999999989,128.25,0,2739,0,0,0,0
202,0,0,470.15,N,C,476.2,0,/Date(1695551399000)/,471.25,466.85,1.10000000000002,470.95,0,2783,0,0,0,0
203,0,0,43.05,N,C,43.5,0,/Date(1695551396000)/,42.75,42.1,-0.299999999999997,43.25,0,2792,0,0,0,0
204,0,0,222.35,N,C,223.8,0,/Date(1695551238000)/,217.95,217.05,-4.40000000000001,222.1,0,2816,0,0,0,0
205,0,0,286.25,N,C,289.5,0,/Date(1695551374000)/,287.35,282.15,1.10000000000002,286.2,0,2841,0,0,0,0
206,0,0,1205.4,N,C,1216.4,0,/Date(1695551269000)/,1184.4,1175,-21,1205.4,0,2844,0,0,0,0
207,0,0,4716.75,N,C,4779.7,0,/Date(1695551358000)/,4764.35,4545.5,47.6000000000004,4716,0,2854,0,0,0,0
208,0,0,1863.85,N,C,1880,0,/Date(1695551339000)/,1838.05,1831,-25.8,1864,0,2859,0,0,0,0
209,0,0,126.8,N,C,128.2,0,/Date(1695551391000)/,126.45,125.15,-0.349999999999994,127,0,2866,0,0,0,0
210,0,0,87.55,N,C,88.15,0,/Date(1695551219000)/,85.3,84.75,-2.25,87.25,0,2868,0,0,0,0
211,0,0,2364.8,N,C,2382.45,0,/Date(1695551394000)/,2354.95,2350,-9.85000000000036,2376,0,2885,0,0,0,0
212,0,0,81.05,N,C,81.7,0,/Date(1695551389000)/,80.2,78.7,-0.849999999999994,81.1,0,2909,0,0,0,0
213,0,0,951.9,N,C,961.5,0,/Date(1695551308000)/,946.9,944.7,-5,956.7,0,2912,0,0,0,0
214,0,0,94.35,N,C,95.1,0,/Date(1695551386000)/,93.2,92.9,-1.14999999999999,94.5,0,2963,0,0,0,0
215,0,0,220.5,N,C,224.4,0,/Date(1695551380000)/,219.7,219.4,-0.800000000000011,221.15,0,2972,0,0,0,0
216,0,0,861.65,N,C,893,0,/Date(1695551328000)/,873.55,854.55,11.9,855.5,0,2987,0,0,0,0
217,0,0,614.85,N,C,639,0,/Date(1695551261000)/,635.45,612.05,20.6,619,0,3002,0,0,0,0
218,0,0,330.5,N,C,334.4,0,/Date(1695551091000)/,332.0,325.2,1.5,327.5,0,3021,0,0,0,0
219,0,0,588.15,N,C,602,0,/Date(1695551399000)/,598.15,591.4,10,593.5,0,3045,0,0,0,0
220,0,0,373.9,N,C,379.55,0,/Date(1695551187000)/,374.45,367.95,0.550000000000011,372.9,0,3066,0,0,0,0
221,0,0,466.25,N,C,472.65,0,/Date(1695551330000)/,461.0,457.5,-5.25,466.95,0,3078,0,0,0,0
222,0,0,26293.6,N,C,26442.25,0,/Date(1695551303000)/,25939.7,25820,-353.899999999998,26255,0,3103,0,0,0,0
223,0,0,732.85,N,C,736.35,0,/Date(1695551213000)/,731.8,719.5,-1.05000000000007,728.2,0,3127,0,0,0,0
224,0,0,422.7,N,C,425,0,/Date(1695551351000)/,414.15,411.4,-8.55000000000001,422.1,0,3149,0,0,0,0
225,0,0,3740,N,C,3766.1,0,/Date(1695551313000)/,3689.05,3680.1,-50.9499999999998,3748.15,0,3150,0,0,0,0
226,0,0,5122.1,N,C,5173.6,0,/Date(1695551262000)/,5118.05,5095,-4.05000000000018,5149.1,0,3186,0,0,0,0
227,0,0,763.05,N,C,774.1,0,/Date(1695551271000)/,740.6,734.5,-22.4499999999999,770,0,3220,0,0,0,0
228,0,0,143.75,N,C,146.4,0,/Date(1695551299000)/,143.45,142.5,-0.300000000000011,144,0,3237,0,0,0,0
229,0,0,72.7,N,C,74.3,0,/Date(1695553151000)/,73.15,71.05,0.450000000000003,72.65,0,3252,0,0,0,0
230,0,0,2315.65,N,C,2325.1,0,/Date(1695551324000)/,2264.55,2260.05,-51.0999999999999,2322,0,3273,0,0,0,0
231,0,0,468.45,N,C,477.8,0,/Date(1695551194000)/,474.4,467.25,5.94999999999999,468.45,0,3327,0,0,0,0
232,0,0,726,N,C,740.05,0,/Date(1695551237000)/,726.0,722.7,0,726,0,3329,0,0,0,0
233,0,0,2916.05,N,C,2992.75,0,/Date(1695550908000)/,2981.35,2886,65.2999999999997,2905.1,0,3339,0,0,0,0
234,0,0,1201.35,N,C,1234,0,/Date(1695551380000)/,1227.65,1194.15,26.3000000000002,1200,0,3345,0,0,0,0
235,0,0,201.2,N,C,202.65,0,/Date(1695551162000)/,199.4,197.7,-1.79999999999998,199.6,0,3348,0,0,0,0
236,0,0,1146.15,N,C,1148,0,/Date(1695551337000)/,1132.35,1128.3,-13.8000000000002,1142.5,0,3351,0,0,0,0
237,0,0,4076.75,N,C,4135.95,0,/Date(1695551221000)/,4107.45,4053.45,30.6999999999998,4076,0,3363,0,0,0,0
238,0,0,977.4,N,C,987.95,0,/Date(1695551202000)/,970.7,965,-6.69999999999993,977.4,0,3375,0,0,0,0
239,0,0,1168.75,N,C,1186.1,0,/Date(1695551340000)/,1168.7,1158.75,-0.0499999999999545,1169,0,3387,0,0,0,0
240,0,0,1034.8,N,C,1039.55,0,/Date(1695551396000)/,1035.8,1022.05,1,1039,0,3405,0,0,0,0
241,0,0,7285.95,N,C,7317,0,/Date(1695551313000)/,7254.85,7240,-31.0999999999995,7308.95,0,3411,0,0,0,0
242,0,0,40201.7,N,C,41000,0,/Date(1695551380000)/,40850.0,39901.05,648.300000000003,40201.7,0,3417,0,0,0,0
243,0,0,954,N,C,962,0,/Date(1695551399000)/,947.3,937.05,-6.70000000000005,955,0,3423,0,0,0,0
244,0,0,256.65,N,C,259,0,/Date(1695551390000)/,257.1,254.25,0.450000000000045,257.15,0,3426,0,0,0,0
245,0,0,871,N,C,889.85,0,/Date(1695551345000)/,877.75,870.05,6.75,871,0,3432,0,0,0,0
246,0,0,627.05,N,C,630.8,0,/Date(1695551396000)/,620.45,619,-6.59999999999991,628,0,3456,0,0,0,0
247,0,0,2862.85,N,C,2998.5,0,/Date(1695551301000)/,2976.4,2828.05,113.55,2877.2,0,3475,0,0,0,0
248,0,0,399,N,C,401.8,0,/Date(1695551396000)/,395.75,390.2,-3.25,398.1,0,3493,0,0,0,0
249,0,0,217.8,N,C,220.6,0,/Date(1695551340000)/,218.7,215.1,0.899999999999977,217.8,0,3496,0,0,0,0
250,0,0,127.8,N,C,128.7,0,/Date(1695551397000)/,126.75,125.5,-1.05,127.15,0,3499,0,0,0,0
251,0,0,3304.5,N,C,3298.8,0,/Date(1695551350000)/,3274.5,3261.7,-30,3298.8,0,3506,0,0,0,0
252,0,0,62.49,N,C,62.6,0,/Date(1695551253000)/,61.18,60.78,-1.31,62.6,0,3507,0,0,0,0
253,0,0,1874.4,N,C,1875,0,/Date(1695551137000)/,1850.4,1835,-24,1875,0,3518,0,0,0,0
254,0,0,781.2,N,C,788.5,0,/Date(1695551331000)/,778.5,771.85,-2.70000000000005,788.45,0,3546,0,0,0,0
255,0,0,421.35,N,C,425,0,/Date(1695551328000)/,417.35,415,-4,422,0,3579,0,0,0,0
256,0,0,431.5,N,C,435.8,0,/Date(1695550950000)/,429.25,426,-2.25,432.9,0,3637,0,0,0,0
257,0,0,356.7,N,C,358.8,0,/Date(1695550908000)/,350.3,349.2,-6.39999999999998,357.1,0,3672,0,0,0,0
258,0,0,2295.3,N,C,2321.85,0,/Date(1695551283000)/,2246.7,2241,-48.6000000000004,2293,0,3694,0,0,0,0
259,0,0,666.9,N,C,674.7,0,/Date(1695551334000)/,660.5,655.35,-6.39999999999998,669.4,0,3703,0,0,0,0
260,0,0,868.7,N,C,872.25,0,/Date(1695551320000)/,865.55,851.3,-3.15000000000009,868.35,0,3718,0,0,0,0
261,0,0,1874.65,N,C,1909.5,0,/Date(1695551148000)/,1876.0,1866.2,1.34999999999991,1881.95,0,3721,0,0,0,0
262,0,0,3551.1,N,C,3569.95,0,/Date(1695551088000)/,3557.9,3541.25,6.80000000000018,3555,0,3724,0,0,0,0
263,0,0,4979.5,N,C,4984.4,0,/Date(1695551368000)/,4915.3,4868.4,-64.1999999999998,4963,0,3744,0,0,0,0
264,0,0,1977.4,N,C,2007,0,/Date(1695551396000)/,1972.85,1959.55,-4.55000000000018,1972,0,3757,0,0,0,0
265,0,0,497.95,N,C,506,0,/Date(1695553151000)/,489.85,479.05,-8.09999999999997,500.55,0,3761,0,0,0,0
266,0,0,428.95,N,C,426.75,0,/Date(1695551398000)/,418.5,416.6,-10.45,424.4,0,3787,0,0,0,0
267,0,0,673.65,N,C,688.5,0,/Date(1695551243000)/,682.0,671,8.35000000000002,675.75,0,3799,0,0,0,0
268,0,0,267.25,N,C,267.65,0,/Date(1695551398000)/,265.5,261.3,-1.75,267.1,0,3812,0,0,0,0
269,0,0,485.45,N,C,494.6,0,/Date(1695551285000)/,482.45,474.65,-3,489.2,0,3857,0,0,0,0
270,0,0,691.8,N,C,697.8,0,/Date(1695550202000)/,695.45,686,3.65000000000009,692.9,0,3880,0,0,0,0
271,0,0,1193.15,N,C,1196.4,0,/Date(1695550457000)/,1180.3,1171.05,-12.8500000000001,1190,0,3892,0,0,0,0
272,0,0,1003.4,N,C,1012.1,0,/Date(1695551356000)/,999.8,984.3,-3.60000000000002,1010,0,3906,0,0,0,0
273,0,0,859.95,N,C,865.15,0,/Date(1695551390000)/,849.15,844.1,-10.8000000000001,860.95,0,3918,0,0,0,0
274,0,0,260.7,N,C,263.95,0,/Date(1695551396000)/,259.9,258.1,-0.800000000000011,261.55,0,3980,0,0,0,0
275,0,0,161.35,N,C,166.7,0,/Date(1695550942000)/,165.55,159.5,4.20000000000002,161,0,3987,0,0,0,0
276,0,0,450,N,C,464.95,0,/Date(1695551339000)/,443.65,440.5,-6.35000000000002,451.85,0,4014,0,0,0,0
277,0,0,574.65,N,C,575.45,0,/Date(1695551262000)/,573.9,571.55,-0.75,574.25,0,4067,0,0,0,0
278,0,0,365.1,N,C,368.9,0,/Date(1695551390000)/,362.2,360.25,-2.90000000000003,368.9,0,4172,0,0,0,0
279,0,0,96.35,N,C,96.75,0,/Date(1695551383000)/,96.15,95.25,-0.199999999999989,96.35,0,4204,0,0,0,0
280,0,0,2676.35,N,C,2737,0,/Date(1695551265000)/,2656.9,2648,-19.4499999999998,2690.6,0,4244,0,0,0,0
281,0,0,1900.3,N,C,1929.7,0,/Date(1695551237000)/,1890.95,1881,-9.34999999999991,1900.3,0,4306,0,0,0,0
282,0,0,541.6,N,C,543.3,0,/Date(1695551089000)/,534.8,526.5,-6.80000000000007,541.6,0,4391,0,0,0,0
283,0,0,1319,N,C,1338.6,0,/Date(1695551371000)/,1291.7,1288,-27.3,1324.9,0,4421,0,0,0,0
284,0,0,570.45,N,C,577.5,0,/Date(1695551390000)/,552.35,550,-18.1,570,0,4481,0,0,0,0
285,0,0,2402.7,N,C,2425.85,0,/Date(1695551285000)/,2388.15,2375.15,-14.5499999999997,2425.85,0,4487,0,0,0,0
286,0,0,1233.25,N,C,1246,0,/Date(1695550571000)/,1224.75,1221.2,-8.5,1240,0,4491,0,0,0,0
287,0,0,2488.1,N,C,2495.6,0,/Date(1695550913000)/,2486.0,2447.1,-2.09999999999991,2467.1,0,4503,0,0,0,0
288,0,0,4254.4,N,C,4300,0,/Date(1695550272000)/,4229.25,4199.95,-25.1499999999996,4300,0,4525,0,0,0,0
289,0,0,46.84,N,C,47.28,0,/Date(1695551013000)/,46.79,46.51,-0.0500000000000043,47.28,0,4529,0,0,0,0
290,0,0,235.4,N,C,237.55,0,/Date(1695551299000)/,234.5,230.5,-0.900000000000006,235.4,0,4598,0,0,0,0
291,0,0,534.45,N,C,540.5,0,/Date(1695551169000)/,538.1,522.25,3.64999999999998,534.2,0,4656,0,0,0,0
292,0,0,207.15,N,C,218,0,/Date(1695551382000)/,215.35,208.7,8.19999999999999,209.7,0,4668,0,0,0,0
293,0,0,590.95,N,C,596.6,0,/Date(1695551302000)/,580.05,579.05,-10.9000000000001,596.6,0,4684,0,0,0,0
294,0,0,431.35,N,C,441.9,0,/Date(1695551156000)/,434.75,428.9,3.39999999999998,433.7,0,4693,0,0,0,0
295,0,0,121.2,N,C,123.1,0,/Date(1695551381000)/,121.65,121.5,0.450000000000003,121.6,0,4717,0,0,0,0
296,0,0,107.3,N,C,111.7,0,/Date(1695553151000)/,109.2,107.5,1.90000000000001,108.5,0,4745,0,0,0,0
297,0,0,999.99,N,C,1000.15,0,/Date(1695551042000)/,999.99,999.97,0,999.99,0,4838,0,0,0,0
298,0,0,1986.25,N,C,2004.95,0,/Date(1695551339000)/,1993.05,1975.45,6.79999999999995,1980,0,4847,0,0,0,0
299,0,0,369.5,N,C,371,0,/Date(1695551340000)/,368.0,362.2,-1.5,369.5,0,4898,0,0,0,0
300,0,0,143.3,N,C,145.75,0,/Date(1695553151000)/,144.15,141.25,0.849999999999994,143.6,0,4907,0,0,0,0
301,0,0,298.85,N,C,308.5,0,/Date(1695551384000)/,296.35,294.65,-2.5,297,0,4934,0,0,0,0
302,0,0,959.3,N,C,960.9,0,/Date(1695551398000)/,950.3,947.4,-9,956.5,0,4963,0,0,0,0
303,0,0,15.55,N,C,15.97,0,/Date(1695551307000)/,15.31,15.24,-0.24,15.97,0,4973,0,0,0,0
304,0,0,135.9,N,C,143.15,0,/Date(1695551394000)/,141.45,132.65,5.54999999999998,135.9,0,4986,0,0,0,0
305,0,0,430.6,N,C,435.7,0,/Date(1695551340000)/,433.65,425.5,3.04999999999995,431,0,4992,0,0,0,0
306,0,0,1421.9,N,C,1440.7,0,/Date(1695551339000)/,1405.6,1401,-16.3000000000002,1425.9,0,5049,0,0,0,0
307,0,0,1228.6,N,C,1245,0,/Date(1695551124000)/,1236.0,1220.8,7.40000000000009,1228.6,0,5054,0,0,0,0
308,0,0,99.15,N,C,101.4,0,/Date(1695551380000)/,99.9,98.7,0.75,99.5,0,5097,0,0,0,0
309,0,0,796.65,N,C,800.85,0,/Date(1695551085000)/,789.35,785,-7.29999999999995,797,0,5142,0,0,0,0
310,0,0,207.35,N,C,208.8,0,/Date(1695551314000)/,205.0,203.4,-2.34999999999999,208.4,0,5143,0,0,0,0
311,0,0,1626.45,N,C,1645,0,/Date(1695551340000)/,1619.75,1617,-6.70000000000005,1645,0,5162,0,0,0,0
312,0,0,1713.4,N,C,1729.45,0,/Date(1695551372000)/,1688.65,1675,-24.75,1720,0,5186,0,0,0,0
313,0,0,128.45,N,C,129.75,0,/Date(1695551299000)/,125.95,125.25,-2.49999999999999,127.55,0,5200,0,0,0,0
314,0,0,283.35,N,C,274.4,0,/Date(1695551362000)/,267.15,265.45,-16.2,274.4,0,5204,0,0,0,0
315,0,0,1411.3,N,C,1463.5,0,/Date(1695551388000)/,1452.9,1413,41.6000000000001,1416,0,5258,0,0,0,0
316,0,0,445.15,N,C,449.95,0,/Date(1695553151000)/,440.95,437.15,-4.19999999999999,443.5,0,5264,0,0,0,0
317,0,0,626.2,N,C,669.8,0,/Date(1695551376000)/,645.0,613.2,18.8,628,0,5265,0,0,0,0
318,0,0,2223.95,N,C,2268.1,0,/Date(1695550362000)/,2218.2,2181.25,-5.75,2220,0,5279,0,0,0,0
319,0,0,287.1,N,C,295,0,/Date(1695551367000)/,288.0,284.95,0.899999999999977,289.4,0,5313,0,0,0,0
320,0,0,652.6,N,C,657.45,0,/Date(1695551194000)/,650.25,640.9,-2.35000000000002,652.45,0,5359,0,0,0,0
321,0,0,207.1,N,C,209.8,0,/Date(1695551386000)/,208.7,205,1.59999999999999,207.45,0,5373,0,0,0,0
322,0,0,609.85,N,C,644.85,0,/Date(1695551354000)/,616.65,609.85,6.79999999999995,614,0,5378,0,0,0,0
323,0,0,983.75,N,C,997.05,0,/Date(1695551350000)/,986.2,981.8,2.45000000000005,989,0,5382,0,0,0,0
324,0,0,1669.1,N,C,1687.9,0,/Date(1695551377000)/,1653.45,1636,-15.6499999999999,1659.1,0,5385,0,0,0,0
325,0,0,80.3,N,C,82.05,0,/Date(1695551385000)/,80.0,79.8,-0.299999999999997,80.75,0,5394,0,0,0,0
326,0,0,552.65,N,C,562.6,0,/Date(1695551227000)/,546.15,541,-6.5,552.2,0,5407,0,0,0,0
327,0,0,369.05,N,C,373.85,0,/Date(1695551063000)/,369.4,364.3,0.349999999999966,372.5,0,5426,0,0,0,0
328,0,0,275.45,N,C,279,0,/Date(1695551339000)/,277.1,272.7,1.65000000000003,275,0,5435,0,0,0,0
329,0,0,483.65,N,C,489,0,/Date(1695550805000)/,483.7,476.9,0.0500000000000114,485.45,0,5449,0,0,0,0
330,0,0,829.85,N,C,836.5,0,/Date(1695551396000)/,808.75,800.5,-21.1,834.5,0,5475,0,0,0,0
331,0,0,1267.65,N,C,1284.95,0,/Date(1695551296000)/,1278.65,1256.15,11,1267.65,0,5578,0,0,0,0
332,0,0,465.65,N,C,467.55,0,/Date(1695551389000)/,455.6,453,-10.05,463,0,5585,0,0,0,0
333,0,0,4517.8,N,C,4610,0,/Date(1695550880000)/,4583.8,4499.8,66,4517,0,5610,0,0,0,0
334,0,0,212.4,N,C,218.9,0,/Date(1695551368000)/,215.95,212.45,3.54999999999998,213.95,0,5622,0,0,0,0
335,0,0,108.1,N,C,110,0,/Date(1695551377000)/,108.7,106.55,0.600000000000009,108.4,0,5633,0,0,0,0
336,0,0,129.25,N,C,131.85,0,/Date(1695551392000)/,129.7,129.35,0.449999999999989,130,0,5701,0,0,0,0
337,0,0,1634.8,N,C,1676,0,/Date(1695551150000)/,1633.5,1626,-1.29999999999995,1634,0,5748,0,0,0,0
338,0,0,931,N,C,949.95,0,/Date(1695551340000)/,940.65,923,9.64999999999998,940.3,0,5751,0,0,0,0
339,0,0,32.23,N,C,32.49,0,/Date(1695551059000)/,32.4,31.85,0.170000000000002,32.26,0,5782,0,0,0,0
340,0,0,1014.45,N,C,1027.25,0,/Date(1695551397000)/,1018.25,1008,3.79999999999995,1010,0,5900,0,0,0,0
341,0,0,712.95,N,C,724.6,0,/Date(1695551378000)/,720.8,707.3,7.84999999999991,715.75,0,5911,0,0,0,0
342,0,0,709.05,N,C,722.6,0,/Date(1695551392000)/,719.25,701.55,10.2,710.95,0,5926,0,0,0,0
343,0,0,764.45,N,C,774.95,0,/Date(1695551345000)/,764.05,760.1,-0.400000000000091,767.45,0,5938,0,0,0,0
344,0,0,25.7,N,C,27,0,/Date(1695551395000)/,26.8,25.5,1.1,25.95,0,5948,0,0,0,0
345,0,0,421,N,C,423.95,0,/Date(1695551224000)/,416.9,416.05,-4.10000000000002,423.95,0,6018,0,0,0,0
346,0,0,587,N,C,598.1,0,/Date(1695551170000)/,586.05,582.4,-0.950000000000045,594.7,0,6125,0,0,0,0
347,0,0,314.75,N,C,319,0,/Date(1695551340000)/,314.45,312.2,-0.300000000000011,314.75,0,6198,0,0,0,0
348,0,0,161.75,N,C,164.05,0,/Date(1695551169000)/,160.65,159.2,-1.09999999999999,161.55,0,6216,0,0,0,0
349,0,0,94.05,N,C,94.5,0,/Date(1695551280000)/,93.5,92.5,-0.549999999999997,94.3,0,6364,0,0,0,0
350,0,0,515.45,N,C,521.1,0,/Date(1695551230000)/,513.6,500,-1.85000000000002,518.05,0,6445,0,0,0,0
351,0,0,141.9,N,C,145.7,0,/Date(1695551341000)/,143.5,141.1,1.59999999999999,141.9,0,6545,0,0,0,0
352,0,0,322.65,N,C,329.9,0,/Date(1695551045000)/,319.0,310.1,-3.64999999999998,329.9,0,6579,0,0,0,0
353,0,0,1079.2,N,C,1085.9,0,/Date(1695551380000)/,1043.6,1025.55,-35.6000000000001,1079.2,0,6596,0,0,0,0
354,0,0,682,N,C,692.05,0,/Date(1695551272000)/,683.5,678,1.5,686,0,6643,0,0,0,0
355,0,0,760.8,N,C,769.05,0,/Date(1695551292000)/,750.2,746.05,-10.5999999999999,757.5,0,6656,0,0,0,0
356,0,0,841.05,N,C,854.6,0,/Date(1695551346000)/,850.0,835.1,8.95000000000005,845,0,6705,0,0,0,0
357,0,0,914.05,N,C,935,0,/Date(1695551250000)/,933.0,910,18.95,914.1,0,6713,0,0,0,0
358,0,0,1460.1,N,C,1499,0,/Date(1695551315000)/,1483.95,1448.05,23.8500000000001,1460.1,0,6718,0,0,0,0
359,0,0,689.05,N,C,693,0,/Date(1695551240000)/,683.2,678.8,-5.84999999999991,686.1,0,6733,0,0,0,0
360,0,0,413.85,N,C,421.45,0,/Date(1695551308000)/,417.25,407.5,3.39999999999998,414,0,6818,0,0,0,0
361,0,0,539.4,N,C,568.95,0,/Date(1695551394000)/,553.3,535.7,13.9,543.2,0,6943,0,0,0,0
362,0,0,970.6,N,C,980.4,0,/Date(1695551162000)/,962.9,954,-7.70000000000005,970.9,0,6944,0,0,0,0
363,0,0,1318.2,N,C,1334.7,0,/Date(1695551288000)/,1295.7,1273,-22.5,1310,0,6964,0,0,0,0
364,0,0,491.3,N,C,491.85,0,/Date(1695551304000)/,488.05,480.45,-3.25,491.6,0,6994,0,0,0,0
365,0,0,1521,N,C,1540.95,0,/Date(1695551382000)/,1512.4,1508,-8.59999999999991,1520,0,7053,0,0,0,0
366,0,0,604.85,N,C,619,0,/Date(1695551372000)/,588.3,583.75,-16.5500000000001,619,0,7083,0,0,0,0
367,0,0,939.55,N,C,955.85,0,/Date(1695551364000)/,927.15,916.6,-12.4,948.45,0,7105,0,0,0,0
368,0,0,1586.9,N,C,1580,0,/Date(1695550403000)/,1559.9,1542.85,-27,1580,0,7145,0,0,0,0
369,0,0,539.3,N,C,548.2,0,/Date(1695551238000)/,539.55,528.05,0.25,544,0,7177,0,0,0,0
370,0,0,88.15,N,C,89.1,0,/Date(1695551396000)/,86.2,85.5,-1.95,88.3,0,7200,0,0,0,0
371,0,0,1689.5,N,C,1717.6,0,/Date(1695551399000)/,1685.55,1681.2,-3.95000000000005,1708.6,0,7227,0,0,0,0
372,0,0,1278,N,C,1283.6,0,/Date(1695551328000)/,1273.7,1265.1,-4.29999999999995,1272.45,0,7229,0,0,0,0
373,0,0,1086.4,N,C,1108.85,0,/Date(1695551339000)/,1091.0,1075.3,4.59999999999991,1081.8,0,7242,0,0,0,0
374,0,0,788.15,N,C,794.3,0,/Date(1695550912000)/,783.55,773,-4.60000000000002,794.3,0,7254,0,0,0,0
375,0,0,2095.4,N,C,2103.5,0,/Date(1695551241000)/,2072.0,2052.55,-23.4000000000001,2100.05,0,7358,0,0,0,0
376,0,0,281.3,N,C,283.25,0,/Date(1695551311000)/,277.25,276,-4.05000000000001,280.25,0,7390,0,0,0,0
377,0,0,508.65,N,C,513.45,0,/Date(1695551367000)/,510.75,506.3,2.10000000000002,509.7,0,7401,0,0,0,0
378,0,0,827.7,N,C,829.9,0,/Date(1695551357000)/,802.8,775,-24.9000000000001,805,0,7406,0,0,0,0
379,0,0,231.8,N,C,233.8,0,/Date(1695551361000)/,227.4,225.8,-4.40000000000001,232,0,7506,0,0,0,0
380,0,0,277.95,N,C,294,0,/Date(1695551193000)/,281.25,278,3.30000000000001,278,0,7553,0,0,0,0
381,0,0,352.8,N,C,354,0,/Date(1695551208000)/,349.05,344.05,-3.75,354,0,7603,0,0,0,0
382,0,0,615.65,N,C,618.8,0,/Date(1695551380000)/,595.6,594.3,-20.05,616,0,7929,0,0,0,0
383,0,0,436.2,N,C,444.15,0,/Date(1695551234000)/,435.4,434.05,-0.800000000000011,437.3,0,7936,0,0,0,0
384,0,0,73.62,N,C,74.67,0,/Date(1695550639000)/,74.48,74,0.859999999999999,74,0,7942,0,0,0,0
385,0,0,1254.45,N,C,1277.6,0,/Date(1695550750000)/,1256.5,1240.65,2.04999999999995,1240.65,0,7982,0,0,0,0
386,0,0,565,N,C,569.3,0,/Date(1695551367000)/,556.1,555,-8.89999999999998,562.15,0,8050,0,0,0,0
387,0,0,239.9,N,C,243.45,0,/Date(1695551376000)/,241.75,233.55,1.84999999999999,240.75,0,8054,0,0,0,0
388,0,0,2266,N,C,2280.35,0,/Date(1695551162000)/,2245.6,2235.8,-20.4000000000001,2266,0,8075,0,0,0,0
389,0,0,346.25,N,C,348.4,0,/Date(1695551399000)/,342.8,342,-3.44999999999999,346.5,0,8110,0,0,0,0
390,0,0,1722.7,N,C,1731.7,0,/Date(1695551330000)/,1705.9,1673.5,-16.8,1731.7,0,8124,0,0,0,0
391,0,0,1312.45,N,C,1349.95,0,/Date(1695550907000)/,1342.25,1300.05,29.8,1312,0,8167,0,0,0,0
392,0,0,45.89,N,C,46.16,0,/Date(1695550584000)/,45.92,45.73,0.0300000000000011,45.89,0,8182,0,0,0,0
393,0,0,890.6,N,C,908.4,0,/Date(1695551336000)/,894.3,880.05,3.69999999999993,892.9,0,8311,0,0,0,0
394,0,0,1498.9,N,C,1498.5,0,/Date(1695551220000)/,1494.1,1483.1,-4.80000000000018,1489.95,0,8479,0,0,0,0
395,0,0,153.63,N,C,158.25,0,/Date(1695551209000)/,153.53,152.37,-0.0999999999999943,158.25,0,8506,0,0,0,0
396,0,0,84.85,N,C,86.35,0,/Date(1695551338000)/,85.0,84.1,0.150000000000006,84.6,0,8510,0,0,0,0
397,0,0,540.4,N,C,551.7,0,/Date(1695551307000)/,549.25,540.4,8.85000000000002,540.4,0,8546,0,0,0,0
398,0,0,129.3,N,C,130.8,0,/Date(1695551270000)/,129.9,126.1,0.599999999999994,130,0,8585,0,0,0,0
399,0,0,63.9,N,C,64.2,0,/Date(1695551343000)/,63.75,62.65,-0.149999999999999,63.8,0,8596,0,0,0,0
400,0,0,709.7,N,C,711.25,0,/Date(1695551168000)/,702.8,696.6,-6.90000000000009,703.9,0,8696,0,0,0,0
401,0,0,68,N,C,81.6,0,/Date(1695553151000)/,81.6,75.65,13.6,75.65,0,8736,0,0,0,0
402,0,0,296.8,N,C,326.45,0,/Date(1695551394000)/,314.95,301.6,18.15,305,0,8828,0,0,0,0
403,0,0,321.6,N,C,340.7,0,/Date(1695551231000)/,325.9,313,4.29999999999995,321,0,8840,0,0,0,0
404,0,0,407.6,N,C,413.9,0,/Date(1695550697000)/,412.4,408,4.79999999999995,408,0,8866,0,0,0,0
405,0,0,2053.95,N,C,2079.7,0,/Date(1695550791000)/,2009.3,1997.75,-44.6499999999999,2037,0,9014,0,0,0,0
406,0,0,1081,N,C,1098.85,0,/Date(1695551164000)/,1092.75,1064.05,11.75,1082,0,9087,0,0,0,0
407,0,0,316.05,N,C,321.85,0,/Date(1695550898000)/,316.9,311.4,0.849999999999966,316.05,0,9111,0,0,0,0
408,0,0,161,N,C,163.35,0,/Date(1695551340000)/,161.25,159.55,0.25,161,0,9309,0,0,0,0
409,0,0,42.95,N,C,46.3,0,/Date(1695551392000)/,43.85,42.25,0.899999999999999,44.15,0,9348,0,0,0,0
410,0,0,230.75,N,C,231.9,0,/Date(1695550989000)/,231.5,228,0.75,231.75,0,9354,0,0,0,0
411,0,0,403.15,N,C,411,0,/Date(1695551154000)/,404.6,400.25,1.45000000000005,403,0,9356,0,0,0,0
412,0,0,293.95,N,C,297,0,/Date(1695551352000)/,293.7,292.2,-0.25,294.1,0,9362,0,0,0,0
413,0,0,368.3,N,C,382.9,0,/Date(1695551282000)/,370.6,365.8,2.30000000000001,378,0,9385,0,0,0,0
414,0,0,1034.4,N,C,1056.95,0,/Date(1695551279000)/,1049.2,1021.05,14.8,1034.4,0,9408,0,0,0,0
415,0,0,654.55,N,C,659.8,0,/Date(1695551351000)/,651.3,649,-3.25,655.95,0,9480,0,0,0,0
416,0,0,158.8,N,C,167.95,0,/Date(1695551398000)/,166.85,158.7,8.04999999999998,160,0,9552,0,0,0,0
417,0,0,1161.15,N,C,1171.45,0,/Date(1695550400000)/,1156.4,1146.65,-4.75,1151,0,9553,0,0,0,0
418,0,0,1420.9,N,C,1439.1,0,/Date(1695550933000)/,1417.75,1400.6,-3.15000000000009,1415.05,0,9581,0,0,0,0
419,0,0,5221.85,N,C,5241.55,0,/Date(1695551146000)/,5130.0,5085,-91.8500000000004,5225,0,9590,0,0,0,0
420,0,0,429.9,N,C,432.75,0,/Date(1695551340000)/,430.25,427,0.350000000000023,429,0,9599,0,0,0,0
421,0,0,471.45,N,C,475.75,0,/Date(1695551256000)/,466.9,455.7,-4.55000000000001,471,0,9617,0,0,0,0
422,0,0,302.3,N,C,304.9,0,/Date(1695551388000)/,300.35,298.05,-1.94999999999999,304.9,0,9668,0,0,0,0
423,0,0,1077.6,N,C,1091.3,0,/Date(1695551386000)/,1073.75,1045,-3.84999999999991,1084.4,0,9683,0,0,0,0
424,0,0,37.95,N,C,38.35,0,/Date(1695551392000)/,37.8,37.35,-0.150000000000006,38,0,9685,0,0,0,0
425,0,0,72,N,C,72.7,0,/Date(1695551396000)/,71.15,70.9,-0.849999999999994,72.05,0,9741,0,0,0,0
426,0,0,1745.15,N,C,1789.95,0,/Date(1695551340000)/,1759.7,1735.35,14.55,1744.7,0,9750,0,0,0,0
427,0,0,485.25,N,C,497,0,/Date(1695551354000)/,484.25,480.5,-1,485.25,0,9756,0,0,0,0
428,0,0,985.65,N,C,992.45,0,/Date(1695551183000)/,977.6,975.95,-8.04999999999995,981.5,0,9810,0,0,0,0
429,0,0,1413.35,N,C,1417.85,0,/Date(1695551303000)/,1392.6,1388.35,-20.75,1411.45,0,9819,0,0,0,0
430,0,0,1694.45,N,C,1720,0,/Date(1695551341000)/,1708.35,1683.3,13.8999999999999,1705,0,9917,0,0,0,0
431,0,0,987.5,N,C,991.5,0,/Date(1695551177000)/,986.15,977,-1.35000000000002,985,0,10099,0,0,0,0
432,0,0,87.3,N,C,88.35,0,/Date(1695553151000)/,86.65,85.65,-0.649999999999991,87.8,0,10238,0,0,0,0
433,0,0,777.65,N,C,785.5,0,/Date(1695551020000)/,771.45,762.95,-6.19999999999993,773,0,10243,0,0,0,0
434,0,0,1127.3,N,C,1134.25,0,/Date(1695551380000)/,1097.45,1091.5,-29.8499999999999,1127.25,0,10440,0,0,0,0
435,0,0,1018.5,N,C,1026.75,0,/Date(1695551237000)/,1017.45,1002.35,-1.04999999999995,1010.25,0,10447,0,0,0,0
436,0,0,240,N,C,250.9,0,/Date(1695551299000)/,238.35,237.05,-1.65000000000001,240.9,0,10453,0,0,0,0
437,0,0,406.6,N,C,410.65,0,/Date(1695551390000)/,402.55,401.4,-4.05000000000001,408.4,0,10577,0,0,0,0
438,0,0,1503.05,N,C,1561.95,0,/Date(1695551339000)/,1549.35,1504.5,46.3,1526.95,0,10578,0,0,0,0
439,0,0,104.1,N,C,105.7,0,/Date(1695551237000)/,104.7,103.45,0.600000000000009,105.15,0,10579,0,0,0,0
440,0,0,792.25,N,C,796.55,0,/Date(1695551364000)/,787.25,780,-5,787.65,0,10580,0,0,0,0
441,0,0,441.05,N,C,445.05,0,/Date(1695551392000)/,439.6,438.6,-1.44999999999999,443.55,0,10599,0,0,0,0
442,0,0,917.95,N,C,922.35,0,/Date(1695551356000)/,911.4,903.8,-6.55000000000007,917.95,0,10604,0,0,0,0
443,0,0,75,N,C,77.75,0,/Date(1695551399000)/,77.5,75.05,2.5,75.8,0,10666,0,0,0,0
444,0,0,2987.95,N,C,3007.05,0,/Date(1695551373000)/,2991.2,2970,3.25,2990.95,0,10726,0,0,0,0
445,0,0,4254.4,N,C,4281.85,0,/Date(1695551090000)/,4195.3,4187.25,-59.0999999999995,4254.4,0,10738,0,0,0,0
446,0,0,96.4,N,C,102.9,0,/Date(1695551396000)/,101.85,97.5,5.44999999999999,97.5,0,10753,0,0,0,0
447,0,0,287.7,N,C,292.4,0,/Date(1695551256000)/,287.45,285.5,-0.25,289,0,10755,0,0,0,0
448,0,0,364.45,N,C,386,0,/Date(1695551381000)/,382.95,368.5,18.5,368.5,0,10794,0,0,0,0
449,0,0,562.7,N,C,568,0,/Date(1695551161000)/,561.5,556.25,-1.20000000000005,562,0,10925,0,0,0,0
450,0,0,3746.8,N,C,3742,0,/Date(1695551202000)/,3705.05,3685,-41.75,3721,0,10940,0,0,0,0
451,0,0,1186.05,N,C,1213,0,/Date(1695551380000)/,1182.35,1157.95,-3.70000000000005,1195,0,10990,0,0,0,0
452,0,0,10284.3,N,C,10566.75,0,/Date(1695551380000)/,10535.15,10308.45,250.85,10378,0,10999,0,0,0,0
453,0,0,45.03,N,C,45.46,0,/Date(1695551188000)/,45.03,44.96,0,45.11,0,11037,0,0,0,0
454,0,0,132.35,N,C,133,0,/Date(1695551299000)/,131.2,130.1,-1.15000000000001,132,0,11045,0,0,0,0
455,0,0,93.4,N,C,94.5,0,/Date(1695551394000)/,93.6,93.1,0.199999999999989,93.4,0,11184,0,0,0,0
456,0,0,2387.15,N,C,2407.45,0,/Date(1695551309000)/,2355.55,2346.05,-31.5999999999999,2401,0,11195,0,0,0,0
457,0,0,41.6,N,C,44,0,/Date(1695551397000)/,43.05,41.6,1.45,42.45,0,11223,0,0,0,0
458,0,0,121.6,N,C,122.5,0,/Date(1695551237000)/,120.95,118.85,-0.649999999999991,122.4,0,11253,0,0,0,0
459,0,0,456.2,N,C,459.5,0,/Date(1695551329000)/,454.85,452.6,-1.34999999999997,455.8,0,11262,0,0,0,0
460,0,0,222.05,N,C,222,0,/Date(1695553151000)/,216.75,215.1,-5.30000000000001,220,0,11275,0,0,0,0
461,0,0,625.05,N,C,629.5,0,/Date(1695551397000)/,614.8,612.6,-10.25,627.45,0,11287,0,0,0,0
462,0,0,1519.35,N,C,1519,0,/Date(1695551305000)/,1470.95,1450,-48.3999999999999,1519,0,11301,0,0,0,0
463,0,0,165.65,N,C,171.5,0,/Date(1695550663000)/,166.3,163.5,0.650000000000006,166.85,0,11325,0,0,0,0
464,0,0,1088.25,N,C,1095.4,0,/Date(1695551383000)/,1080.9,1080,-7.34999999999991,1088.25,0,11343,0,0,0,0
465,0,0,237.85,N,C,242.85,0,/Date(1695551380000)/,240.25,237.65,2.40000000000001,237.95,0,11351,0,0,0,0
466,0,0,422.65,N,C,446.9,0,/Date(1695551380000)/,440.45,423,17.8,423,0,11364,0,0,0,0
467,0,0,1174.95,N,C,1183.15,0,/Date(1695551339000)/,1162.95,1159.55,-12,1180.85,0,11369,0,0,0,0
468,0,0,267,N,C,269.25,0,/Date(1695551349000)/,264.35,261.3,-2.64999999999998,267,0,11373,0,0,0,0
469,0,0,44.85,N,C,47.25,0,/Date(1695551394000)/,46.9,45.05,2.05,45.15,0,11377,0,0,0,0
470,0,0,230.67,N,C,231.9,0,/Date(1695549725000)/,230.44,230.1,-0.22999999999999,231,0,11386,0,0,0,0
471,0,0,379.5,N,C,382.35,0,/Date(1695551385000)/,373.3,372,-6.19999999999999,381,0,11403,0,0,0,0
472,0,0,619.45,N,C,625.35,0,/Date(1695551381000)/,619.5,616.1,0.0499999999999545,619,0,11452,0,0,0,0
473,0,0,11.85,N,C,12,0,/Date(1695551389000)/,11.7,11.45,-0.15,11.9,0,11460,0,0,0,0
474,0,0,2899.35,N,C,2936.45,0,/Date(1695551354000)/,2918.5,2902.25,19.1500000000001,2908.7,0,11483,0,0,0,0
475,0,0,8313.55,N,C,8310.65,0,/Date(1695551333000)/,8187.4,8179.05,-126.15,8275,0,11532,0,0,0,0
476,0,0,3585.3,N,C,3633.75,0,/Date(1695551376000)/,3603.65,3565.05,18.3499999999999,3584,0,11536,0,0,0,0
477,0,0,5336.3,N,C,5370.4,0,/Date(1695551387000)/,5293.45,5251.35,-42.8500000000004,5336,0,11543,0,0,0,0
478,0,0,947.6,N,C,970.7,0,/Date(1695551176000)/,955.55,945.65,7.94999999999993,947.6,0,11580,0,0,0,0
479,0,0,215.82,N,C,216.79,0,/Date(1695549725000)/,215.02,214.95,-0.799999999999983,216.79,0,11591,0,0,0,0
480,0,0,726.53,N,C,741,0,/Date(1695550205000)/,729.36,724.01,2.83000000000004,729.39,0,11593,0,0,0,0
481,0,0,286.4,N,C,290.9,0,/Date(1695551327000)/,280.75,277.8,-5.64999999999998,287.85,0,11606,0,0,0,0
482,0,0,412.9,N,C,419.8,0,/Date(1695551381000)/,411.6,408.65,-1.29999999999995,411.9,0,11618,0,0,0,0
483,0,0,238.95,N,C,239.3,0,/Date(1695551370000)/,237.95,236,-1,238.6,0,11630,0,0,0,0
484,0,0,2390.95,N,C,2405,0,/Date(1695551391000)/,2339.6,2317,-51.3499999999999,2391.9,0,11654,0,0,0,0
485,0,0,99.15,N,C,102.6,0,/Date(1695551354000)/,100.7,98.05,1.55,99.4,0,11667,0,0,0,0
486,0,0,340.05,N,C,345,0,/Date(1695551297000)/,340.75,335.6,0.699999999999989,341.8,0,11677,0,0,0,0
487,0,0,411.1,N,C,415,0,/Date(1695551385000)/,406.3,403.8,-4.80000000000001,412,0,11689,0,0,0,0
488,0,0,3651.85,N,C,3662.15,0,/Date(1695551366000)/,3550.65,3541.05,-101.2,3651.15,0,11703,0,0,0,0
489,0,0,778.35,N,C,783.7,0,/Date(1695551399000)/,774.05,772.7,-4.30000000000007,780,0,11723,0,0,0,0
490,0,0,738.4,N,C,792,0,/Date(1695551354000)/,780.65,745.8,42.25,745.8,0,11778,0,0,0,0
491,0,0,390,N,C,395.65,0,/Date(1695551283000)/,385.55,384,-4.44999999999999,387,0,11782,0,0,0,0
492,0,0,585.05,N,C,591.95,0,/Date(1695551258000)/,575.85,571.25,-9.19999999999993,586.9,0,11809,0,0,0,0
493,0,0,693.65,N,C,700.35,0,/Date(1695551229000)/,690.0,684.35,-3.64999999999998,700,0,11813,0,0,0,0
494,0,0,394.2,N,C,395.9,0,/Date(1695551380000)/,389.0,382.5,-5.19999999999999,395.4,0,11821,0,0,0,0
495,0,0,256.6,N,C,268,0,/Date(1695551395000)/,265.15,254.45,8.54999999999995,255,0,11829,0,0,0,0
496,0,0,1070.45,N,C,1096.25,0,/Date(1695551356000)/,1061.45,1054.75,-9,1071,0,11840,0,0,0,0
497,0,0,381.2,N,C,387,0,/Date(1695551244000)/,382.75,377.1,1.55000000000001,382.8,0,11860,0,0,0,0
498,0,0,323.2,N,C,338.55,0,/Date(1695551381000)/,336.8,320.8,13.6,323.2,0,11872,0,0,0,0
499,0,0,17.7,N,C,18,0,/Date(1695551396000)/,17.65,17.5,-0.0500000000000007,17.7,0,11915,0,0,0,0
